<?xml version="1.0" encoding="UTF-8"?>
<configuration
xmlns="http://ch.qos.logback/xml/ns/logback"
    xmlns:xsi="http://www.w3.org/2001/XMLSchema-instance"
    xsi:schemaLocation="http://ch.qos.logback/xml/ns/logback https://raw.githubusercontent.com/enricopulatzo/logback-XSD/master/src/main/xsd/logback.xsd"
>
	<property name="LOG_FILE" value="log/repository"/>
	<property name="FILE_LOG_PATTERN" value="%d{HH:mm:ss.SSS} [%thread] %-5level %logger{36} - %msg%n"/>
	<appender name="STDOUT" class="ch.qos.logback.core.ConsoleAppender">
	    <encoder> 
	      <Pattern>${FILE_LOG_PATTERN}</Pattern>
	    </encoder> 
	</appender>
	<appender name="FILE" class="ch.qos.logback.core.rolling.RollingFileAppender">
	    <encoder> 
	      <Pattern>${FILE_LOG_PATTERN}</Pattern>
	    </encoder> 
	    <rollingPolicy class="ch.qos.logback.core.rolling.TimeBasedRollingPolicy">
	        <fileNamePattern>${LOG_FILE}.%d{yyyy-MM-dd}.log</fileNamePattern>
			<maxHistory>30</maxHistory>
      		<totalSizeCap>1GB</totalSizeCap>
	    </rollingPolicy>
	</appender>
	<root level="INFO">
	    <appender-ref ref="STDOUT" />
	    <appender-ref ref="FILE" />
	</root>
</configuration>